Etape;Souhait EQ7;Obtenus EQ7;Souhait EQXT;Obtenus EQXT;Souhait EQ6;Obtenus EQ6;Souhait EQ5;Obtenus EQ5;Souhait EQ4;Obtenus EQ4;Souhait EQ3;Obtenus EQ3;Souhait EQ2;Obtenus EQ2;Souhait EQ1;Obtenus EQ1;Souhait EQ4;Obtenus EQ4;
0;0.0;0.0;0.0;0.0;10000.0;10000.0;50.0;50.0;14000.0;14000.0;0.0;0.0;12377.65036;2729.400639667352;96687.50000000001;21320.59936033265;0.0;0.0;
1;0.0;0.0;0.0;0.0;1000.0;1000.0;50.0;50.0;0.0;0.0;0.0;0.0;16945.82978909138;159.36484152533205;94704.40063966736;890.635158474668;0.0;0.0;
2;0.0;0.0;0.0;0.0;1000.0;1000.0;50.0;50.0;0.0;0.0;0.0;0.0;13778.967053220236;113.9832104377399;113151.26548119269;936.0167895622601;0.0;0.0;
3;0.0;0.0;0.0;0.0;1000.0;999.9999999999998;50.0;49.999999999999986;0.0;0.0;0.0;0.0;12040.394011394255;88.04329701252276;131552.74869163043;961.9567029874771;0.0;0.0;
