Etape;Souhait EQ7;Obtenus EQ7;Souhait EQXT;Obtenus EQXT;Souhait EQ6;Obtenus EQ6;Souhait EQ5;Obtenus EQ5;Souhait EQ4;Obtenus EQ4;Souhait EQ3;Obtenus EQ3;Souhait EQ2;Obtenus EQ2;Souhait EQ1;Obtenus EQ1;Souhait EQ4;Obtenus EQ4;
0;0.0;0.0;0.0;0.0;10000.0;10000.0;50.0;50.0;0.0;0.0;22375.0;725.504805392643;31635.481499999998;1025.774026778103;255937.49999999997;8298.721167829253;0.0;0.0;
1;0.0;0.0;0.0;0.0;1000.0;1000.0;50.0;50.0;0.0;0.0;25439.0;73.93772280507089;36997.53785506539;107.53228108015026;298826.2788321707;868.5299961147789;0.0;0.0;
2;0.0;0.0;0.0;0.0;1000.0;1000.0;50.0;50.0;0.0;0.0;29155.0;74.63729020766304;31853.30731297177;81.54500229779282;349145.2488360559;893.8177074945442;0.0;0.0;
3;0.0;0.0;0.0;0.0;1000.0;1000.0;50.0;50.0;0.0;0.0;32870.0;75.07760611086856;27395.39067724109;62.573177685405135;399438.9311285614;912.3492162037263;0.0;0.0;
