F_HQ_BE;F_HQ_E;F_HQ;F_MQ_E;F_MQ;F_BQ
null;null;null;null;null;null
189.45;1457.5;null;315.828125;26868.578125;42808.0
189.45;1457.5;null;315.828125;26868.578125;42808.0
189.44999999999993;1457.5;null;315.828125;26868.578125;42808.0
189.45000000000005;1457.5;null;315.828125;26868.578125;42808.0
189.45000000000005;1457.5;null;315.828125;26868.578125;42808.0
189.45000000000005;1457.5;null;315.828125;26868.578125;42808.0
189.45000000000005;1457.5;null;315.828125;26868.578125;42808.0
189.45000000000005;11129.5;null;315.828125;26868.578125;42808.0
